source,target,category
Emil von Behring,Medicine,Medicine
Emil von Behring,Europe,Medicine
Jacobus H. van 't Hoff,Chemistry,Chemistry
Jacobus H. van 't Hoff,Europe,Chemistry
Sully Prudhomme,Literature,Literature
Sully Prudhomme,,Literature
Henry Dunant,Peace,Peace
Henry Dunant,,Peace
Wilhelm Conrad Röntgen,Physics,Physics
Wilhelm Conrad Röntgen,Europe,Physics
Frédéric Passy,Peace,Peace
Frédéric Passy,,Peace
Hendrik A. Lorentz,Physics,Physics
Hendrik A. Lorentz,Europe,Physics
Theodor Mommsen,Literature,Literature
Theodor Mommsen,,Literature
Albert Gobat,Peace,Peace
Albert Gobat,,Peace
Pieter Zeeman,Physics,Physics
Pieter Zeeman,Europe,Physics
Ronald Ross,Medicine,Medicine
Ronald Ross,Europe,Medicine
Élie Ducommun,Peace,Peace
Élie Ducommun,,Peace
Emil Fischer,Chemistry,Chemistry
Emil Fischer,Europe,Chemistry
Randal Cremer,Peace,Peace
Randal Cremer,,Peace
Pierre Curie,Physics,Physics
Pierre Curie,Europe,Physics
Henri Becquerel,Physics,Physics
Henri Becquerel,Europe,Physics
Svante Arrhenius,Chemistry,Chemistry
Svante Arrhenius,Europe,Chemistry
Bjørnstjerne Bjørnson,Literature,Literature
Bjørnstjerne Bjørnson,,Literature
Niels Ryberg Finsen,Medicine,Medicine
Niels Ryberg Finsen,Europe,Medicine
Marie Curie,Physics,Physics
Marie Curie,,Physics
Lord Rayleigh,Physics,Physics
Lord Rayleigh,Europe,Physics
Frédéric Mistral,Literature,Literature
Frédéric Mistral,,Literature
José Echegaray,Literature,Literature
José Echegaray,,Literature
Sir William Ramsay,Chemistry,Chemistry
Sir William Ramsay,Europe,Chemistry
Ivan Pavlov,Medicine,Medicine
Ivan Pavlov,Russia,Medicine
Robert Koch,Medicine,Medicine
Robert Koch,Europe,Medicine
Henryk Sienkiewicz,Literature,Literature
Henryk Sienkiewicz,,Literature
Adolf von Baeyer,Chemistry,Chemistry
Adolf von Baeyer,Europe,Chemistry
Philipp Lenard,Physics,Physics
Philipp Lenard,Europe,Physics
Bertha von Suttner,Peace,Peace
Bertha von Suttner,,Peace
Giosuè Carducci,Literature,Literature
Giosuè Carducci,,Literature
Henri Moissan,Chemistry,Chemistry
Henri Moissan,Europe,Chemistry
Theodore Roosevelt,Peace,Peace
Theodore Roosevelt,,Peace
Santiago Ramón y Cajal,Medicine,Medicine
Santiago Ramón y Cajal,Europe,Medicine
Camillo Golgi,Medicine,Medicine
Camillo Golgi,Europe,Medicine
J.J. Thomson,Physics,Physics
J.J. Thomson,Europe,Physics
Ernesto Teodoro Moneta,Peace,Peace
Ernesto Teodoro Moneta,,Peace
Albert A. Michelson,Physics,Physics
Albert A. Michelson,North America,Physics
Louis Renault,Peace,Peace
Louis Renault,Europe,Peace
Rudyard Kipling,Literature,Literature
Rudyard Kipling,,Literature
Eduard Buchner,Chemistry,Chemistry
Eduard Buchner,Europe,Chemistry
Alphonse Laveran,Medicine,Medicine
Alphonse Laveran,Europe,Medicine
Ernest Rutherford,Chemistry,Chemistry
Ernest Rutherford,Europe,Chemistry
Fredrik Bajer,Peace,Peace
Fredrik Bajer,,Peace
Ilya Mechnikov,Medicine,Medicine
Ilya Mechnikov,Europe,Medicine
Paul Ehrlich,Medicine,Medicine
Paul Ehrlich,Europe,Medicine
Rudolf Eucken,Literature,Literature
Rudolf Eucken,,Literature
Gabriel Lippmann,Physics,Physics
Gabriel Lippmann,Europe,Physics
Klas Pontus Arnoldson,Peace,Peace
Klas Pontus Arnoldson,,Peace
Theodor Kocher,Medicine,Medicine
Theodor Kocher,Europe,Medicine
Paul Henri d'Estournelles de Constant,Peace,Peace
Paul Henri d'Estournelles de Constant,,Peace
Wilhelm Ostwald,Chemistry,Chemistry
Wilhelm Ostwald,Europe,Chemistry
Auguste Beernaert,Peace,Peace
Auguste Beernaert,,Peace
Ferdinand Braun,Physics,Physics
Ferdinand Braun,Europe,Physics
Guglielmo Marconi,Physics,Physics
Guglielmo Marconi,Europe,Physics
Selma Lagerlöf,Literature,Literature
Selma Lagerlöf,,Literature
Johannes Diderik van der Waals,Physics,Physics
Johannes Diderik van der Waals,Europe,Physics
Otto Wallach,Chemistry,Chemistry
Otto Wallach,Europe,Chemistry
Albrecht Kossel,Medicine,Medicine
Albrecht Kossel,Europe,Medicine
Paul Heyse,Literature,Literature
Paul Heyse,,Literature
Tobias Asser,Peace,Peace
Tobias Asser,,Peace
Wilhelm Wien,Physics,Physics
Wilhelm Wien,Europe,Physics
Maurice Maeterlinck,Literature,Literature
Maurice Maeterlinck,,Literature
Marie Curie,Chemistry,Chemistry
Marie Curie,Europe,Chemistry
Alfred Fried,Peace,Peace
Alfred Fried,,Peace
Allvar Gullstrand,Medicine,Medicine
Allvar Gullstrand,Europe,Medicine
Victor Grignard,Chemistry,Chemistry
Victor Grignard,Europe,Chemistry
Gustaf Dalén,Physics,Physics
Gustaf Dalén,Europe,Physics
Gerhart Hauptmann,Literature,Literature
Gerhart Hauptmann,,Literature
Elihu Root,Peace,Peace
Elihu Root,,Peace
Alexis Carrel,Medicine,Medicine
Alexis Carrel,North America,Medicine
Paul Sabatier,Chemistry,Chemistry
Paul Sabatier,Europe,Chemistry
Rabindranath Tagore,Literature,Literature
Rabindranath Tagore,,Literature
Henri La Fontaine,Peace,Peace
Henri La Fontaine,,Peace
Charles Richet,Medicine,Medicine
Charles Richet,Europe,Medicine
Alfred Werner,Chemistry,Chemistry
Alfred Werner,Europe,Chemistry
Heike Kamerlingh Onnes,Physics,Physics
Heike Kamerlingh Onnes,Europe,Physics
Max von Laue,Physics,Physics
Max von Laue,Europe,Physics
Theodore W. Richards,Chemistry,Chemistry
Theodore W. Richards,North America,Chemistry
Robert Bárány,Medicine,Medicine
Robert Bárány,Europe,Medicine
Richard Willstätter,Chemistry,Chemistry
Richard Willstätter,Europe,Chemistry
Romain Rolland,Literature,Literature
Romain Rolland,,Literature
William Bragg,Physics,Physics
William Bragg,Europe,Physics
Lawrence Bragg,Physics,Physics
Lawrence Bragg,Europe,Physics
Verner von Heidenstam,Literature,Literature
Verner von Heidenstam,,Literature
Karl Gjellerup,Literature,Literature
Karl Gjellerup,,Literature
Henrik Pontoppidan,Literature,Literature
Henrik Pontoppidan,,Literature
Charles Glover Barkla,Physics,Physics
Charles Glover Barkla,Europe,Physics
Fritz Haber,Chemistry,Chemistry
Fritz Haber,Europe,Chemistry
Max Planck,Physics,Physics
Max Planck,Europe,Physics
Johannes Stark,Physics,Physics
Johannes Stark,Europe,Physics
Jules Bordet,Medicine,Medicine
Jules Bordet,Europe,Medicine
Carl Spitteler,Literature,Literature
Carl Spitteler,,Literature
Woodrow Wilson,Peace,Peace
Woodrow Wilson,,Peace
Léon Bourgeois,Peace,Peace
Léon Bourgeois,,Peace
Walther Nernst,Chemistry,Chemistry
Walther Nernst,Europe,Chemistry
Charles Edouard Guillaume,Physics,Physics
Charles Edouard Guillaume,Europe,Physics
Knut Hamsun,Literature,Literature
Knut Hamsun,,Literature
August Krogh,Medicine,Medicine
August Krogh,Europe,Medicine
Albert Einstein,Physics,Physics
Albert Einstein,Europe,Physics
Hjalmar Branting,Peace,Peace
Hjalmar Branting,,Peace
Anatole France,Literature,Literature
Anatole France,,Literature
Frederick Soddy,Chemistry,Chemistry
Frederick Soddy,Europe,Chemistry
Christian Lange,Peace,Peace
Christian Lange,,Peace
Fridtjof Nansen,Peace,Peace
Fridtjof Nansen,,Peace
Niels Bohr,Physics,Physics
Niels Bohr,Europe,Physics
Francis W. Aston,Chemistry,Chemistry
Francis W. Aston,Europe,Chemistry
Jacinto Benavente,Literature,Literature
Jacinto Benavente,,Literature
Otto Meyerhof,Medicine,Medicine
Otto Meyerhof,Europe,Medicine
Archibald V. Hill,Medicine,Medicine
Archibald V. Hill,Europe,Medicine
John Macleod,Medicine,Medicine
John Macleod,North America,Medicine
Fritz Pregl,Chemistry,Chemistry
Fritz Pregl,Europe,Chemistry
Frederick G. Banting,Medicine,Medicine
Frederick G. Banting,North America,Medicine
William Butler Yeats,Literature,Literature
William Butler Yeats,,Literature
Robert A. Millikan,Physics,Physics
Robert A. Millikan,North America,Physics
Manne Siegbahn,Physics,Physics
Manne Siegbahn,Europe,Physics
Willem Einthoven,Medicine,Medicine
Willem Einthoven,Europe,Medicine
Wladyslaw Reymont,Literature,Literature
Wladyslaw Reymont,,Literature
Sir Austen Chamberlain,Peace,Peace
Sir Austen Chamberlain,,Peace
George Bernard Shaw,Literature,Literature
George Bernard Shaw,,Literature
Gustav Hertz,Physics,Physics
Gustav Hertz,Europe,Physics
Charles G. Dawes,Peace,Peace
Charles G. Dawes,,Peace
James Franck,Physics,Physics
James Franck,Europe,Physics
Richard Zsigmondy,Chemistry,Chemistry
Richard Zsigmondy,Europe,Chemistry
The Svedberg,Chemistry,Chemistry
The Svedberg,Europe,Chemistry
Grazia Deledda,Literature,Literature
Grazia Deledda,,Literature
Gustav Stresemann,Peace,Peace
Gustav Stresemann,,Peace
Aristide Briand,Peace,Peace
Aristide Briand,,Peace
Jean Baptiste Perrin,Physics,Physics
Jean Baptiste Perrin,Europe,Physics
Johannes Fibiger,Medicine,Medicine
Johannes Fibiger,Europe,Medicine
Ferdinand Buisson,Peace,Peace
Ferdinand Buisson,,Peace
Arthur H. Compton,Physics,Physics
Arthur H. Compton,North America,Physics
Julius Wagner-Jauregg,Medicine,Medicine
Julius Wagner-Jauregg,Europe,Medicine
Heinrich Wieland,Chemistry,Chemistry
Heinrich Wieland,Europe,Chemistry
Henri Bergson,Literature,Literature
Henri Bergson,,Literature
C.T.R. Wilson,Physics,Physics
C.T.R. Wilson,Europe,Physics
Ludwig Quidde,Peace,Peace
Ludwig Quidde,,Peace
Owen Willans Richardson,Physics,Physics
Owen Willans Richardson,Europe,Physics
Adolf Windaus,Chemistry,Chemistry
Adolf Windaus,Europe,Chemistry
Sigrid Undset,Literature,Literature
Sigrid Undset,,Literature
Charles Nicolle,Medicine,Medicine
Charles Nicolle,Tunisia,Medicine
Frank B. Kellogg,Peace,Peace
Frank B. Kellogg,,Peace
Arthur Harden,Chemistry,Chemistry
Arthur Harden,Europe,Chemistry
Sir Frederick Hopkins,Medicine,Medicine
Sir Frederick Hopkins,Europe,Medicine
Thomas Mann,Literature,Literature
Thomas Mann,,Literature
Hans von Euler-Chelpin,Chemistry,Chemistry
Hans von Euler-Chelpin,Europe,Chemistry
Christiaan Eijkman,Medicine,Medicine
Christiaan Eijkman,Europe,Medicine
Louis de Broglie,Physics,Physics
Louis de Broglie,Europe,Physics
Sinclair Lewis,Literature,Literature
Sinclair Lewis,,Literature
Hans Fischer,Chemistry,Chemistry
Hans Fischer,Europe,Chemistry
Nathan Söderblom,Peace,Peace
Nathan Söderblom,,Peace
Sir Chandrasekhara Venkata Raman,Physics,Physics
Sir Chandrasekhara Venkata Raman,India,Physics
Karl Landsteiner,Medicine,Medicine
Karl Landsteiner,North America,Medicine
Friedrich Bergius,Chemistry,Chemistry
Friedrich Bergius,Europe,Chemistry
Otto Warburg,Medicine,Medicine
Otto Warburg,Europe,Medicine
Nicholas Murray Butler,Peace,Peace
Nicholas Murray Butler,North America,Peace
Jane Addams,Peace,Peace
Jane Addams,,Peace
Erik Axel Karlfeldt,Literature,Literature
Erik Axel Karlfeldt,,Literature
Carl Bosch,Chemistry,Chemistry
Carl Bosch,Europe,Chemistry
John Galsworthy,Literature,Literature
John Galsworthy,,Literature
Werner Heisenberg,Physics,Physics
Werner Heisenberg,Europe,Physics
Irving Langmuir,Chemistry,Chemistry
Irving Langmuir,North America,Chemistry
Edgar Adrian,Medicine,Medicine
Edgar Adrian,Europe,Medicine
Sir Charles Sherrington,Medicine,Medicine
Sir Charles Sherrington,Europe,Medicine
Sir Norman Angell,Peace,Peace
Sir Norman Angell,,Peace
Ivan Bunin,Literature,Literature
Ivan Bunin,,Literature
Thomas H. Morgan,Medicine,Medicine
Thomas H. Morgan,North America,Medicine
Erwin Schrödinger,Physics,Physics
Erwin Schrödinger,Europe,Physics
Paul A.M. Dirac,Physics,Physics
Paul A.M. Dirac,Europe,Physics
George R. Minot,Medicine,Medicine
George R. Minot,North America,Medicine
William P. Murphy,Medicine,Medicine
William P. Murphy,North America,Medicine
Harold C. Urey,Chemistry,Chemistry
Harold C. Urey,North America,Chemistry
George H. Whipple,Medicine,Medicine
George H. Whipple,North America,Medicine
Luigi Pirandello,Literature,Literature
Luigi Pirandello,,Literature
Arthur Henderson,Peace,Peace
Arthur Henderson,,Peace
Frédéric Joliot,Chemistry,Chemistry
Frédéric Joliot,Europe,Chemistry
Irène Joliot-Curie,Chemistry,Chemistry
Irène Joliot-Curie,Europe,Chemistry
James Chadwick,Physics,Physics
James Chadwick,Europe,Physics
Carl von Ossietzky,Peace,Peace
Carl von Ossietzky,,Peace
Hans Spemann,Medicine,Medicine
Hans Spemann,Europe,Medicine
Peter Debye,Chemistry,Chemistry
Peter Debye,Europe,Chemistry
Victor F. Hess,Physics,Physics
Victor F. Hess,Europe,Physics
Carlos Saavedra Lamas,Peace,Peace
Carlos Saavedra Lamas,,Peace
Otto Loewi,Medicine,Medicine
Otto Loewi,Europe,Medicine
Carl D. Anderson,Physics,Physics
Carl D. Anderson,North America,Physics
Sir Henry Dale,Medicine,Medicine
Sir Henry Dale,Europe,Medicine
Eugene O'Neill,Literature,Literature
Eugene O'Neill,,Literature
Paul Karrer,Chemistry,Chemistry
Paul Karrer,Europe,Chemistry
George Paget Thomson,Physics,Physics
George Paget Thomson,Europe,Physics
"Robert Cecil, Viscount Cecil of Chelwood",Peace,Peace
"Robert Cecil, Viscount Cecil of Chelwood",,Peace
Clinton Davisson,Physics,Physics
Clinton Davisson,North America,Physics
Roger Martin du Gard,Literature,Literature
Roger Martin du Gard,,Literature
Norman Haworth,Chemistry,Chemistry
Norman Haworth,Europe,Chemistry
Albert Szent-Györgyi,Medicine,Medicine
Albert Szent-Györgyi,Europe,Medicine
Enrico Fermi,Physics,Physics
Enrico Fermi,Europe,Physics
Corneille Heymans,Medicine,Medicine
Corneille Heymans,Europe,Medicine
Pearl Buck,Literature,Literature
Pearl Buck,,Literature
Richard Kuhn,Chemistry,Chemistry
Richard Kuhn,Europe,Chemistry
Gerhard Domagk,Medicine,Medicine
Gerhard Domagk,Europe,Medicine
Leopold Ruzicka,Chemistry,Chemistry
Leopold Ruzicka,Europe,Chemistry
Frans Eemil Sillanpää,Literature,Literature
Frans Eemil Sillanpää,,Literature
Ernest Lawrence,Physics,Physics
Ernest Lawrence,North America,Physics
Adolf Butenandt,Chemistry,Chemistry
Adolf Butenandt,Europe,Chemistry
Edward A. Doisy,Medicine,Medicine
Edward A. Doisy,North America,Medicine
Henrik Dam,Medicine,Medicine
Henrik Dam,Europe,Medicine
Otto Stern,Physics,Physics
Otto Stern,North America,Physics
George de Hevesy,Chemistry,Chemistry
George de Hevesy,Europe,Chemistry
Otto Hahn,Chemistry,Chemistry
Otto Hahn,Europe,Chemistry
Johannes V. Jensen,Literature,Literature
Johannes V. Jensen,,Literature
Isidor Isaac Rabi,Physics,Physics
Isidor Isaac Rabi,North America,Physics
Herbert S. Gasser,Medicine,Medicine
Herbert S. Gasser,North America,Medicine
Joseph Erlanger,Medicine,Medicine
Joseph Erlanger,North America,Medicine
Sir Alexander Fleming,Medicine,Medicine
Sir Alexander Fleming,Europe,Medicine
Cordell Hull,Peace,Peace
Cordell Hull,,Peace
Wolfgang Pauli,Physics,Physics
Wolfgang Pauli,North America,Physics
Sir Howard Florey,Medicine,Medicine
Sir Howard Florey,Europe,Medicine
Gabriela Mistral,Literature,Literature
Gabriela Mistral,,Literature
Artturi Virtanen,Chemistry,Chemistry
Artturi Virtanen,Europe,Chemistry
Ernst B. Chain,Medicine,Medicine
Ernst B. Chain,Europe,Medicine
Wendell M. Stanley,Chemistry,Chemistry
Wendell M. Stanley,North America,Chemistry
James B. Sumner,Chemistry,Chemistry
James B. Sumner,North America,Chemistry
John H. Northrop,Chemistry,Chemistry
John H. Northrop,North America,Chemistry
Hermann J. Muller,Medicine,Medicine
Hermann J. Muller,North America,Medicine
Hermann Hesse,Literature,Literature
Hermann Hesse,,Literature
John R. Mott,Peace,Peace
John R. Mott,,Peace
Emily Greene Balch,Peace,Peace
Emily Greene Balch,,Peace
Percy W. Bridgman,Physics,Physics
Percy W. Bridgman,North America,Physics
André Gide,Literature,Literature
André Gide,,Literature
Bernardo Houssay,Medicine,Medicine
Bernardo Houssay,Argentina,Medicine
Sir Robert Robinson,Chemistry,Chemistry
Sir Robert Robinson,Europe,Chemistry
Carl Cori,Medicine,Medicine
Carl Cori,North America,Medicine
Edward V. Appleton,Physics,Physics
Edward V. Appleton,Europe,Physics
Gerty Cori,Medicine,Medicine
Gerty Cori,North America,Medicine
T.S. Eliot,Literature,Literature
T.S. Eliot,,Literature
Patrick M.S. Blackett,Physics,Physics
Patrick M.S. Blackett,Europe,Physics
Paul Müller,Medicine,Medicine
Paul Müller,Europe,Medicine
Arne Tiselius,Chemistry,Chemistry
Arne Tiselius,Europe,Chemistry
William F. Giauque,Chemistry,Chemistry
William F. Giauque,North America,Chemistry
Hideki Yukawa,Physics,Physics
Hideki Yukawa,Japan,Physics
Lord Boyd Orr,Peace,Peace
Lord Boyd Orr,,Peace
Egas Moniz,Medicine,Medicine
Egas Moniz,Europe,Medicine
William Faulkner,Literature,Literature
William Faulkner,,Literature
Walter Hess,Medicine,Medicine
Walter Hess,Europe,Medicine
Bertrand Russell,Literature,Literature
Bertrand Russell,,Literature
Edward C. Kendall,Medicine,Medicine
Edward C. Kendall,North America,Medicine
Tadeus Reichstein,Medicine,Medicine
Tadeus Reichstein,Europe,Medicine
Otto Diels,Chemistry,Chemistry
Otto Diels,Europe,Chemistry
Philip S. Hench,Medicine,Medicine
Philip S. Hench,North America,Medicine
Kurt Alder,Chemistry,Chemistry
Kurt Alder,Europe,Chemistry
Ralph Bunche,Peace,Peace
Ralph Bunche,North America,Peace
Cecil Powell,Physics,Physics
Cecil Powell,Europe,Physics
Max Theiler,Medicine,Medicine
Max Theiler,North America,Medicine
Pär Lagerkvist,Literature,Literature
Pär Lagerkvist,,Literature
John Cockcroft,Physics,Physics
John Cockcroft,Europe,Physics
Ernest T.S. Walton,Physics,Physics
Ernest T.S. Walton,Europe,Physics
Glenn T. Seaborg,Chemistry,Chemistry
Glenn T. Seaborg,North America,Chemistry
Léon Jouhaux,Peace,Peace
Léon Jouhaux,,Peace
Edwin M. McMillan,Chemistry,Chemistry
Edwin M. McMillan,North America,Chemistry
E. M. Purcell,Physics,Physics
E. M. Purcell,North America,Physics
Albert Schweitzer,Peace,Peace
Albert Schweitzer,,Peace
Archer J.P. Martin,Chemistry,Chemistry
Archer J.P. Martin,Europe,Chemistry
Selman A. Waksman,Medicine,Medicine
Selman A. Waksman,North America,Medicine
François Mauriac,Literature,Literature
François Mauriac,,Literature
Felix Bloch,Physics,Physics
Felix Bloch,North America,Physics
Richard L.M. Synge,Chemistry,Chemistry
Richard L.M. Synge,Europe,Chemistry
Winston Churchill,Literature,Literature
Winston Churchill,,Literature
Hermann Staudinger,Chemistry,Chemistry
Hermann Staudinger,Europe,Chemistry
Fritz Lipmann,Medicine,Medicine
Fritz Lipmann,North America,Medicine
Hans Krebs,Medicine,Medicine
Hans Krebs,Europe,Medicine
Frits Zernike,Physics,Physics
Frits Zernike,Europe,Physics
George C. Marshall,Peace,Peace
George C. Marshall,,Peace
Max Born,Physics,Physics
Max Born,Europe,Physics
Thomas H. Weller,Medicine,Medicine
Thomas H. Weller,North America,Medicine
John F. Enders,Medicine,Medicine
John F. Enders,North America,Medicine
Linus Pauling,Chemistry,Chemistry
Linus Pauling,North America,Chemistry
Ernest Hemingway,Literature,Literature
Ernest Hemingway,,Literature
Frederick C. Robbins,Medicine,Medicine
Frederick C. Robbins,North America,Medicine
Walther Bothe,Physics,Physics
Walther Bothe,Europe,Physics
Hugo Theorell,Medicine,Medicine
Hugo Theorell,Europe,Medicine
Halldór Laxness,Literature,Literature
Halldór Laxness,,Literature
Polykarp Kusch,Physics,Physics
Polykarp Kusch,North America,Physics
Willis E. Lamb,Physics,Physics
Willis E. Lamb,North America,Physics
Vincent du Vigneaud,Chemistry,Chemistry
Vincent du Vigneaud,North America,Chemistry
Dickinson W. Richards,Medicine,Medicine
Dickinson W. Richards,North America,Medicine
Walter H. Brattain,Physics,Physics
Walter H. Brattain,North America,Physics
Werner Forssmann,Medicine,Medicine
Werner Forssmann,Europe,Medicine
André F. Cournand,Medicine,Medicine
André F. Cournand,North America,Medicine
Nikolay Semenov,Chemistry,Chemistry
Nikolay Semenov,Russia,Chemistry
John Bardeen,Physics,Physics
John Bardeen,North America,Physics
William B. Shockley,Physics,Physics
William B. Shockley,North America,Physics
Sir Cyril Hinshelwood,Chemistry,Chemistry
Sir Cyril Hinshelwood,Europe,Chemistry
Juan Ramón Jiménez,Literature,Literature
Juan Ramón Jiménez,,Literature
Lester Bowles Pearson,Peace,Peace
Lester Bowles Pearson,,Peace
Chen Ning Yang,Physics,Physics
Chen Ning Yang,North America,Physics
Lord Todd,Chemistry,Chemistry
Lord Todd,Europe,Chemistry
Albert Camus,Literature,Literature
Albert Camus,,Literature
Daniel Bovet,Medicine,Medicine
Daniel Bovet,Europe,Medicine
Tsung-Dao Lee,Physics,Physics
Tsung-Dao Lee,North America,Physics
Pavel A. Cherenkov,Physics,Physics
Pavel A. Cherenkov,Russia,Physics
Boris Pasternak,Literature,Literature
Boris Pasternak,,Literature
George Beadle,Medicine,Medicine
George Beadle,North America,Medicine
Frederick Sanger,Chemistry,Chemistry
Frederick Sanger,Europe,Chemistry
Igor Y. Tamm,Physics,Physics
Igor Y. Tamm,Russia,Physics
Georges Pire,Peace,Peace
Georges Pire,,Peace
Il´ja M. Frank,Physics,Physics
Il´ja M. Frank,Russia,Physics
Edward Tatum,Medicine,Medicine
Edward Tatum,North America,Medicine
Joshua Lederberg,Medicine,Medicine
Joshua Lederberg,North America,Medicine
Emilio Segrè,Physics,Physics
Emilio Segrè,North America,Physics
Salvatore Quasimodo,Literature,Literature
Salvatore Quasimodo,,Literature
Jaroslav Heyrovsky,Chemistry,Chemistry
Jaroslav Heyrovsky,Europe,Chemistry
Philip Noel-Baker,Peace,Peace
Philip Noel-Baker,,Peace
Owen Chamberlain,Physics,Physics
Owen Chamberlain,North America,Physics
Arthur Kornberg,Medicine,Medicine
Arthur Kornberg,North America,Medicine
Severo Ochoa,Medicine,Medicine
Severo Ochoa,North America,Medicine
Donald A. Glaser,Physics,Physics
Donald A. Glaser,North America,Physics
Peter Medawar,Medicine,Medicine
Peter Medawar,Europe,Medicine
Sir Frank Macfarlane Burnet,Medicine,Medicine
Sir Frank Macfarlane Burnet,Australia,Medicine
Willard F. Libby,Chemistry,Chemistry
Willard F. Libby,North America,Chemistry
Albert Luthuli,Peace,Peace
Albert Luthuli,,Peace
Saint-John Perse,Literature,Literature
Saint-John Perse,,Literature
Ivo Andric,Literature,Literature
Ivo Andric,,Literature
Dag Hammarskjöld,Peace,Peace
Dag Hammarskjöld,,Peace
Georg von Békésy,Medicine,Medicine
Georg von Békésy,North America,Medicine
Rudolf Mössbauer,Physics,Physics
Rudolf Mössbauer,Europe,Physics
Robert Hofstadter,Physics,Physics
Robert Hofstadter,North America,Physics
Melvin Calvin,Chemistry,Chemistry
Melvin Calvin,North America,Chemistry
Maurice Wilkins,Medicine,Medicine
Maurice Wilkins,Europe,Medicine
James Watson,Medicine,Medicine
James Watson,North America,Medicine
Linus Pauling,Peace,Peace
Linus Pauling,North America,Peace
John C. Kendrew,Chemistry,Chemistry
John C. Kendrew,Europe,Chemistry
Max F. Perutz,Chemistry,Chemistry
Max F. Perutz,Europe,Chemistry
Francis Crick,Medicine,Medicine
Francis Crick,Europe,Medicine
John Steinbeck,Literature,Literature
John Steinbeck,,Literature
Lev Landau,Physics,Physics
Lev Landau,Russia,Physics
Giulio Natta,Chemistry,Chemistry
Giulio Natta,Europe,Chemistry
Giorgos Seferis,Literature,Literature
Giorgos Seferis,,Literature
Eugene Wigner,Physics,Physics
Eugene Wigner,North America,Physics
Alan Hodgkin,Medicine,Medicine
Alan Hodgkin,Europe,Medicine
Andrew Huxley,Medicine,Medicine
Andrew Huxley,Europe,Medicine
Karl Ziegler,Chemistry,Chemistry
Karl Ziegler,Europe,Chemistry
J. Hans D. Jensen,Physics,Physics
J. Hans D. Jensen,Europe,Physics
Maria Goeppert Mayer,Physics,Physics
Maria Goeppert Mayer,North America,Physics
Sir John Eccles,Medicine,Medicine
Sir John Eccles,Australia,Medicine
Dorothy Crowfoot Hodgkin,Chemistry,Chemistry
Dorothy Crowfoot Hodgkin,Europe,Chemistry
Nicolay G. Basov,Physics,Physics
Nicolay G. Basov,Russia,Physics
Konrad Bloch,Medicine,Medicine
Konrad Bloch,North America,Medicine
Jean-Paul Sartre,Literature,Literature
Jean-Paul Sartre,,Literature
Charles H. Townes,Physics,Physics
Charles H. Townes,North America,Physics
Feodor Lynen,Medicine,Medicine
Feodor Lynen,Europe,Medicine
Aleksandr M. Prokhorov,Physics,Physics
Aleksandr M. Prokhorov,Russia,Physics
Martin Luther King Jr.,Peace,Peace
Martin Luther King Jr.,,Peace
Jacques Monod,Medicine,Medicine
Jacques Monod,Europe,Medicine
Sin-Itiro Tomonaga,Physics,Physics
Sin-Itiro Tomonaga,Japan,Physics
Julian Schwinger,Physics,Physics
Julian Schwinger,North America,Physics
Mikhail Sholokhov,Literature,Literature
Mikhail Sholokhov,,Literature
André Lwoff,Medicine,Medicine
André Lwoff,Europe,Medicine
Richard P. Feynman,Physics,Physics
Richard P. Feynman,North America,Physics
Robert B. Woodward,Chemistry,Chemistry
Robert B. Woodward,North America,Chemistry
François Jacob,Medicine,Medicine
François Jacob,Europe,Medicine
Shmuel Agnon,Literature,Literature
Shmuel Agnon,,Literature
Charles B. Huggins,Medicine,Medicine
Charles B. Huggins,North America,Medicine
Peyton Rous,Medicine,Medicine
Peyton Rous,North America,Medicine
Alfred Kastler,Physics,Physics
Alfred Kastler,Europe,Physics
Robert S. Mulliken,Chemistry,Chemistry
Robert S. Mulliken,North America,Chemistry
Nelly Sachs,Literature,Literature
Nelly Sachs,,Literature
Hans Bethe,Physics,Physics
Hans Bethe,North America,Physics
Miguel Angel Asturias,Literature,Literature
Miguel Angel Asturias,,Literature
Ronald G.W. Norrish,Chemistry,Chemistry
Ronald G.W. Norrish,Europe,Chemistry
Ragnar Granit,Medicine,Medicine
Ragnar Granit,Europe,Medicine
Keffer Hartline,Medicine,Medicine
Keffer Hartline,North America,Medicine
George Porter,Chemistry,Chemistry
George Porter,Europe,Chemistry
Manfred Eigen,Chemistry,Chemistry
Manfred Eigen,Europe,Chemistry
George Wald,Medicine,Medicine
George Wald,North America,Medicine
Yasunari Kawabata,Literature,Literature
Yasunari Kawabata,,Literature
Marshall W. Nirenberg,Medicine,Medicine
Marshall W. Nirenberg,North America,Medicine
René Cassin,Peace,Peace
René Cassin,,Peace
Lars Onsager,Chemistry,Chemistry
Lars Onsager,North America,Chemistry
H. Gobind Khorana,Medicine,Medicine
H. Gobind Khorana,North America,Medicine
Robert W. Holley,Medicine,Medicine
Robert W. Holley,North America,Medicine
Luis Alvarez,Physics,Physics
Luis Alvarez,North America,Physics
Samuel Beckett,Literature,Literature
Samuel Beckett,,Literature
Ragnar Frisch,Economic Sciences,Economic Sciences
Ragnar Frisch,Europe,Economic Sciences
Salvador E. Luria,Medicine,Medicine
Salvador E. Luria,North America,Medicine
Murray Gell-Mann,Physics,Physics
Murray Gell-Mann,North America,Physics
Max Delbrück,Medicine,Medicine
Max Delbrück,North America,Medicine
Derek Barton,Chemistry,Chemistry
Derek Barton,Europe,Chemistry
Jan Tinbergen,Economic Sciences,Economic Sciences
Jan Tinbergen,Europe,Economic Sciences
Alfred D. Hershey,Medicine,Medicine
Alfred D. Hershey,North America,Medicine
Odd Hassel,Chemistry,Chemistry
Odd Hassel,Europe,Chemistry
Louis Néel,Physics,Physics
Louis Néel,Europe,Physics
Norman Borlaug,Peace,Peace
Norman Borlaug,,Peace
Alexandr Solzhenitsyn,Literature,Literature
Alexandr Solzhenitsyn,,Literature
Julius Axelrod,Medicine,Medicine
Julius Axelrod,North America,Medicine
Luis Leloir,Chemistry,Chemistry
Luis Leloir,Argentina,Chemistry
Hannes Alfvén,Physics,Physics
Hannes Alfvén,Europe,Physics
Ulf von Euler,Medicine,Medicine
Ulf von Euler,Europe,Medicine
Sir Bernard Katz,Medicine,Medicine
Sir Bernard Katz,Europe,Medicine
Paul A. Samuelson,Economic Sciences,Economic Sciences
Paul A. Samuelson,North America,Economic Sciences
Gerhard Herzberg,Chemistry,Chemistry
Gerhard Herzberg,North America,Chemistry
Simon Kuznets,Economic Sciences,Economic Sciences
Simon Kuznets,North America,Economic Sciences
Dennis Gabor,Physics,Physics
Dennis Gabor,Europe,Physics
Pablo Neruda,Literature,Literature
Pablo Neruda,,Literature
Willy Brandt,Peace,Peace
Willy Brandt,,Peace
"Earl W. Sutherland, Jr.",Medicine,Medicine
"Earl W. Sutherland, Jr.",North America,Medicine
John Bardeen,Physics,Physics
John Bardeen,North America,Physics
Kenneth J. Arrow,Economic Sciences,Economic Sciences
Kenneth J. Arrow,North America,Economic Sciences
Heinrich Böll,Literature,Literature
Heinrich Böll,,Literature
John R. Hicks,Economic Sciences,Economic Sciences
John R. Hicks,Europe,Economic Sciences
Christian Anfinsen,Chemistry,Chemistry
Christian Anfinsen,North America,Chemistry
Stanford Moore,Chemistry,Chemistry
Stanford Moore,North America,Chemistry
Rodney R. Porter,Medicine,Medicine
Rodney R. Porter,Europe,Medicine
Gerald M. Edelman,Medicine,Medicine
Gerald M. Edelman,North America,Medicine
Leon N. Cooper,Physics,Physics
Leon N. Cooper,North America,Physics
William H. Stein,Chemistry,Chemistry
William H. Stein,North America,Chemistry
Robert Schrieffer,Physics,Physics
Robert Schrieffer,North America,Physics
Brian D. Josephson,Physics,Physics
Brian D. Josephson,Europe,Physics
Ernst Otto Fischer,Chemistry,Chemistry
Ernst Otto Fischer,Europe,Chemistry
Wassily Leontief,Economic Sciences,Economic Sciences
Wassily Leontief,North America,Economic Sciences
Geoffrey Wilkinson,Chemistry,Chemistry
Geoffrey Wilkinson,Europe,Chemistry
Patrick White,Literature,Literature
Patrick White,,Literature
Karl von Frisch,Medicine,Medicine
Karl von Frisch,Europe,Medicine
Nikolaas Tinbergen,Medicine,Medicine
Nikolaas Tinbergen,Europe,Medicine
Henry Kissinger,Peace,Peace
Henry Kissinger,,Peace
Ivar Giaever,Physics,Physics
Ivar Giaever,North America,Physics
Leo Esaki,Physics,Physics
Leo Esaki,North America,Physics
Le Duc Tho ,Peace,Peace
Le Duc Tho ,,Peace
Konrad Lorenz,Medicine,Medicine
Konrad Lorenz,Europe,Medicine
Albert Claude,Medicine,Medicine
Albert Claude,Europe,Medicine
Gunnar Myrdal,Economic Sciences,Economic Sciences
Gunnar Myrdal,,Economic Sciences
Antony Hewish,Physics,Physics
Antony Hewish,Europe,Physics
Eisaku Sato,Peace,Peace
Eisaku Sato,,Peace
George E. Palade,Medicine,Medicine
George E. Palade,North America,Medicine
Friedrich von Hayek,Economic Sciences,Economic Sciences
Friedrich von Hayek,,Economic Sciences
Paul J. Flory,Chemistry,Chemistry
Paul J. Flory,North America,Chemistry
Harry Martinson,Literature,Literature
Harry Martinson,,Literature
Seán MacBride,Peace,Peace
Seán MacBride,,Peace
Martin Ryle,Physics,Physics
Martin Ryle,Europe,Physics
Christian de Duve,Medicine,Medicine
Christian de Duve,North America,Medicine
Eyvind Johnson,Literature,Literature
Eyvind Johnson,,Literature
Howard M. Temin,Medicine,Medicine
Howard M. Temin,North America,Medicine
Ben R. Mottelson,Physics,Physics
Ben R. Mottelson,Europe,Physics
Leonid Vitaliyevich Kantorovich,Economic Sciences,Economic Sciences
Leonid Vitaliyevich Kantorovich,Russia,Economic Sciences
John Cornforth,Chemistry,Chemistry
John Cornforth,Europe,Chemistry
Tjalling C. Koopmans,Economic Sciences,Economic Sciences
Tjalling C. Koopmans,North America,Economic Sciences
Vladimir Prelog,Chemistry,Chemistry
Vladimir Prelog,Europe,Chemistry
Eugenio Montale,Literature,Literature
Eugenio Montale,,Literature
James Rainwater,Physics,Physics
James Rainwater,North America,Physics
Renato Dulbecco,Medicine,Medicine
Renato Dulbecco,Europe,Medicine
Aage N. Bohr,Physics,Physics
Aage N. Bohr,Europe,Physics
David Baltimore,Medicine,Medicine
David Baltimore,North America,Medicine
Andrei Sakharov,Peace,Peace
Andrei Sakharov,,Peace
Mairead Corrigan,Peace,Peace
Mairead Corrigan,,Peace
Samuel C.C. Ting,Physics,Physics
Samuel C.C. Ting,North America,Physics
William Lipscomb,Chemistry,Chemistry
William Lipscomb,North America,Chemistry
D. Carleton Gajdusek,Medicine,Medicine
D. Carleton Gajdusek,North America,Medicine
Baruch S. Blumberg,Medicine,Medicine
Baruch S. Blumberg,North America,Medicine
Burton Richter,Physics,Physics
Burton Richter,North America,Physics
Milton Friedman,Economic Sciences,Economic Sciences
Milton Friedman,North America,Economic Sciences
Betty Williams,Peace,Peace
Betty Williams,,Peace
Saul Bellow,Literature,Literature
Saul Bellow,,Literature
Sir Nevill F. Mott,Physics,Physics
Sir Nevill F. Mott,Europe,Physics
Roger Guillemin,Medicine,Medicine
Roger Guillemin,North America,Medicine
Ilya Prigogine,Chemistry,Chemistry
Ilya Prigogine,Europe,Chemistry
Rosalyn Yalow,Medicine,Medicine
Rosalyn Yalow,North America,Medicine
Bertil Ohlin,Economic Sciences,Economic Sciences
Bertil Ohlin,Europe,Economic Sciences
Andrew V. Schally,Medicine,Medicine
Andrew V. Schally,North America,Medicine
John H. van Vleck,Physics,Physics
John H. van Vleck,North America,Physics
Vicente Aleixandre,Literature,Literature
Vicente Aleixandre,,Literature
Philip W. Anderson,Physics,Physics
Philip W. Anderson,North America,Physics
James E. Meade,Economic Sciences,Economic Sciences
James E. Meade,Europe,Economic Sciences
Menachem Begin,Peace,Peace
Menachem Begin,,Peace
Anwar al-Sadat,Peace,Peace
Anwar al-Sadat,,Peace
Isaac Bashevis Singer,Literature,Literature
Isaac Bashevis Singer,,Literature
Werner Arber,Medicine,Medicine
Werner Arber,Europe,Medicine
Daniel Nathans,Medicine,Medicine
Daniel Nathans,North America,Medicine
Pyotr Kapitsa,Physics,Physics
Pyotr Kapitsa,Russia,Physics
Hamilton O. Smith,Medicine,Medicine
Hamilton O. Smith,North America,Medicine
Peter Mitchell,Chemistry,Chemistry
Peter Mitchell,Europe,Chemistry
Herbert Simon,Economic Sciences,Economic Sciences
Herbert Simon,North America,Economic Sciences
Robert Woodrow Wilson,Physics,Physics
Robert Woodrow Wilson,North America,Physics
Arno Penzias,Physics,Physics
Arno Penzias,North America,Physics
Steven Weinberg,Physics,Physics
Steven Weinberg,North America,Physics
Godfrey N. Hounsfield,Medicine,Medicine
Godfrey N. Hounsfield,Europe,Medicine
Theodore W. Schultz,Economic Sciences,Economic Sciences
Theodore W. Schultz,North America,Economic Sciences
Georg Wittig,Chemistry,Chemistry
Georg Wittig,Europe,Chemistry
Sir Arthur Lewis,Economic Sciences,Economic Sciences
Sir Arthur Lewis,North America,Economic Sciences
Odysseus Elytis,Literature,Literature
Odysseus Elytis,,Literature
Abdus Salam,Physics,Physics
Abdus Salam,Europe,Physics
Herbert C. Brown,Chemistry,Chemistry
Herbert C. Brown,North America,Chemistry
Sheldon Glashow,Physics,Physics
Sheldon Glashow,North America,Physics
Mother Teresa ,Peace,Peace
Mother Teresa ,,Peace
Allan M. Cormack,Medicine,Medicine
Allan M. Cormack,North America,Medicine
Lawrence R. Klein,Economic Sciences,Economic Sciences
Lawrence R. Klein,North America,Economic Sciences
Val Fitch,Physics,Physics
Val Fitch,North America,Physics
James Cronin,Physics,Physics
James Cronin,North America,Physics
Paul Berg,Chemistry,Chemistry
Paul Berg,North America,Chemistry
Frederick Sanger,Chemistry,Chemistry
Frederick Sanger,Europe,Chemistry
Walter Gilbert,Chemistry,Chemistry
Walter Gilbert,North America,Chemistry
Adolfo Pérez Esquivel,Peace,Peace
Adolfo Pérez Esquivel,,Peace
Jean Dausset,Medicine,Medicine
Jean Dausset,Europe,Medicine
Czeslaw Milosz,Literature,Literature
Czeslaw Milosz,,Literature
George D. Snell,Medicine,Medicine
George D. Snell,North America,Medicine
Baruj Benacerraf,Medicine,Medicine
Baruj Benacerraf,North America,Medicine
Roald Hoffmann,Chemistry,Chemistry
Roald Hoffmann,North America,Chemistry
James Tobin,Economic Sciences,Economic Sciences
James Tobin,North America,Economic Sciences
Kenichi Fukui,Chemistry,Chemistry
Kenichi Fukui,Japan,Chemistry
Nicolaas Bloembergen,Physics,Physics
Nicolaas Bloembergen,North America,Physics
Arthur L. Schawlow,Physics,Physics
Arthur L. Schawlow,North America,Physics
David H. Hubel,Medicine,Medicine
David H. Hubel,North America,Medicine
Roger W. Sperry,Medicine,Medicine
Roger W. Sperry,North America,Medicine
Elias Canetti,Literature,Literature
Elias Canetti,,Literature
Torsten N. Wiesel,Medicine,Medicine
Torsten N. Wiesel,North America,Medicine
Kai M. Siegbahn,Physics,Physics
Kai M. Siegbahn,Europe,Physics
Kenneth G. Wilson,Physics,Physics
Kenneth G. Wilson,North America,Physics
Bengt I. Samuelsson,Medicine,Medicine
Bengt I. Samuelsson,Europe,Medicine
Alfonso García Robles,Peace,Peace
Alfonso García Robles,,Peace
John R. Vane,Medicine,Medicine
John R. Vane,Europe,Medicine
Gabriel García Márquez,Literature,Literature
Gabriel García Márquez,,Literature
George J. Stigler,Economic Sciences,Economic Sciences
George J. Stigler,North America,Economic Sciences
Alva Myrdal,Peace,Peace
Alva Myrdal,,Peace
Aaron Klug,Chemistry,Chemistry
Aaron Klug,Europe,Chemistry
Sune K. Bergström,Medicine,Medicine
Sune K. Bergström,Europe,Medicine
Henry Taube,Chemistry,Chemistry
Henry Taube,North America,Chemistry
William A. Fowler,Physics,Physics
William A. Fowler,North America,Physics
Gerard Debreu,Economic Sciences,Economic Sciences
Gerard Debreu,North America,Economic Sciences
William Golding,Literature,Literature
William Golding,,Literature
Subramanyan Chandrasekhar,Physics,Physics
Subramanyan Chandrasekhar,North America,Physics
Lech Walesa,Peace,Peace
Lech Walesa,,Peace
Barbara McClintock,Medicine,Medicine
Barbara McClintock,North America,Medicine
Georges J.F. Köhler,Medicine,Medicine
Georges J.F. Köhler,Europe,Medicine
Richard Stone,Economic Sciences,Economic Sciences
Richard Stone,Europe,Economic Sciences
Carlo Rubbia,Physics,Physics
Carlo Rubbia,Europe,Physics
Desmond Tutu,Peace,Peace
Desmond Tutu,,Peace
César Milstein,Medicine,Medicine
César Milstein,Europe,Medicine
Simon van der Meer,Physics,Physics
Simon van der Meer,Europe,Physics
Jaroslav Seifert,Literature,Literature
Jaroslav Seifert,,Literature
Bruce Merrifield,Chemistry,Chemistry
Bruce Merrifield,North America,Chemistry
Niels K. Jerne,Medicine,Medicine
Niels K. Jerne,Europe,Medicine
Jerome Karle,Chemistry,Chemistry
Jerome Karle,North America,Chemistry
Claude Simon,Literature,Literature
Claude Simon,,Literature
Klaus von Klitzing,Physics,Physics
Klaus von Klitzing,Europe,Physics
Michael S. Brown,Medicine,Medicine
Michael S. Brown,North America,Medicine
Herbert A. Hauptman,Chemistry,Chemistry
Herbert A. Hauptman,North America,Chemistry
Franco Modigliani,Economic Sciences,Economic Sciences
Franco Modigliani,North America,Economic Sciences
Joseph L. Goldstein,Medicine,Medicine
Joseph L. Goldstein,North America,Medicine
Heinrich Rohrer,Physics,Physics
Heinrich Rohrer,Europe,Physics
Gerd Binnig,Physics,Physics
Gerd Binnig,Europe,Physics
Elie Wiesel,Peace,Peace
Elie Wiesel,,Peace
Yuan T. Lee,Chemistry,Chemistry
Yuan T. Lee,North America,Chemistry
Ernst Ruska,Physics,Physics
Ernst Ruska,Europe,Physics
Stanley Cohen,Medicine,Medicine
Stanley Cohen,North America,Medicine
Dudley R. Herschbach,Chemistry,Chemistry
Dudley R. Herschbach,North America,Chemistry
Wole Soyinka,Literature,Literature
Wole Soyinka,,Literature
John C. Polanyi,Chemistry,Chemistry
John C. Polanyi,North America,Chemistry
James M. Buchanan Jr.,Economic Sciences,Economic Sciences
James M. Buchanan Jr.,North America,Economic Sciences
Rita Levi-Montalcini,Medicine,Medicine
Rita Levi-Montalcini,Europe,Medicine
Charles J. Pedersen,Chemistry,Chemistry
Charles J. Pedersen,North America,Chemistry
K. Alex Müller,Physics,Physics
K. Alex Müller,Europe,Physics
Oscar Arias Sánchez,Peace,Peace
Oscar Arias Sánchez,,Peace
Jean-Marie Lehn,Chemistry,Chemistry
Jean-Marie Lehn,Europe,Chemistry
Joseph Brodsky,Literature,Literature
Joseph Brodsky,,Literature
Susumu Tonegawa,Medicine,Medicine
Susumu Tonegawa,North America,Medicine
J. Georg Bednorz,Physics,Physics
J. Georg Bednorz,Europe,Physics
Robert M. Solow,Economic Sciences,Economic Sciences
Robert M. Solow,North America,Economic Sciences
Donald J. Cram,Chemistry,Chemistry
Donald J. Cram,North America,Chemistry
Hartmut Michel,Chemistry,Chemistry
Hartmut Michel,Europe,Chemistry
Gertrude B. Elion,Medicine,Medicine
Gertrude B. Elion,North America,Medicine
Johann Deisenhofer,Chemistry,Chemistry
Johann Deisenhofer,North America,Chemistry
Leon M. Lederman,Physics,Physics
Leon M. Lederman,North America,Physics
Robert Huber,Chemistry,Chemistry
Robert Huber,Europe,Chemistry
Jack Steinberger,Physics,Physics
Jack Steinberger,Europe,Physics
Maurice Allais,Economic Sciences,Economic Sciences
Maurice Allais,Europe,Economic Sciences
Sir James W. Black,Medicine,Medicine
Sir James W. Black,Europe,Medicine
Naguib Mahfouz,Literature,Literature
Naguib Mahfouz,,Literature
George H. Hitchings,Medicine,Medicine
George H. Hitchings,North America,Medicine
Melvin Schwartz,Physics,Physics
Melvin Schwartz,North America,Physics
Camilo José Cela,Literature,Literature
Camilo José Cela,,Literature
Wolfgang Paul,Physics,Physics
Wolfgang Paul,Europe,Physics
Thomas R. Cech,Chemistry,Chemistry
Thomas R. Cech,North America,Chemistry
Hans G. Dehmelt,Physics,Physics
Hans G. Dehmelt,North America,Physics
J. Michael Bishop,Medicine,Medicine
J. Michael Bishop,North America,Medicine
Norman F. Ramsey,Physics,Physics
Norman F. Ramsey,North America,Physics
Trygve Haavelmo,Economic Sciences,Economic Sciences
Trygve Haavelmo,Europe,Economic Sciences
The 14th Dalai Lama ,Peace,Peace
The 14th Dalai Lama ,,Peace
Sidney Altman,Chemistry,Chemistry
Sidney Altman,North America,Chemistry
Harold E. Varmus,Medicine,Medicine
Harold E. Varmus,North America,Medicine
Richard E. Taylor,Physics,Physics
Richard E. Taylor,North America,Physics
William F. Sharpe,Economic Sciences,Economic Sciences
William F. Sharpe,North America,Economic Sciences
Octavio Paz,Literature,Literature
Octavio Paz,,Literature
Joseph E. Murray,Medicine,Medicine
Joseph E. Murray,North America,Medicine
Jerome I. Friedman,Physics,Physics
Jerome I. Friedman,North America,Physics
Mikhail Gorbachev,Peace,Peace
Mikhail Gorbachev,,Peace
Merton H. Miller,Economic Sciences,Economic Sciences
Merton H. Miller,North America,Economic Sciences
Henry W. Kendall,Physics,Physics
Henry W. Kendall,North America,Physics
E. Donnall Thomas,Medicine,Medicine
E. Donnall Thomas,North America,Medicine
Harry M. Markowitz,Economic Sciences,Economic Sciences
Harry M. Markowitz,North America,Economic Sciences
Elias James Corey,Chemistry,Chemistry
Elias James Corey,North America,Chemistry
Ronald H. Coase,Economic Sciences,Economic Sciences
Ronald H. Coase,North America,Economic Sciences
Aung San Suu Kyi ,Peace,Peace
Aung San Suu Kyi ,,Peace
Pierre-Gilles de Gennes,Physics,Physics
Pierre-Gilles de Gennes,Europe,Physics
Bert Sakmann,Medicine,Medicine
Bert Sakmann,Europe,Medicine
Nadine Gordimer,Literature,Literature
Nadine Gordimer,,Literature
Richard R. Ernst,Chemistry,Chemistry
Richard R. Ernst,Europe,Chemistry
Erwin Neher,Medicine,Medicine
Erwin Neher,Europe,Medicine
Rigoberta Menchú Tum,Peace,Peace
Rigoberta Menchú Tum,,Peace
Derek Walcott,Literature,Literature
Derek Walcott,,Literature
Rudolph A. Marcus,Chemistry,Chemistry
Rudolph A. Marcus,North America,Chemistry
Gary Becker,Economic Sciences,Economic Sciences
Gary Becker,North America,Economic Sciences
Georges Charpak,Physics,Physics
Georges Charpak,Europe,Physics
Edwin G. Krebs,Medicine,Medicine
Edwin G. Krebs,North America,Medicine
Edmond H. Fischer,Medicine,Medicine
Edmond H. Fischer,North America,Medicine
Richard J. Roberts,Medicine,Medicine
Richard J. Roberts,North America,Medicine
Toni Morrison,Literature,Literature
Toni Morrison,,Literature
Phillip A. Sharp,Medicine,Medicine
Phillip A. Sharp,North America,Medicine
Joseph H. Taylor Jr.,Physics,Physics
Joseph H. Taylor Jr.,North America,Physics
Robert W. Fogel,Economic Sciences,Economic Sciences
Robert W. Fogel,North America,Economic Sciences
Douglass C. North,Economic Sciences,Economic Sciences
Douglass C. North,North America,Economic Sciences
F.W. de Klerk,Peace,Peace
F.W. de Klerk,,Peace
Kary B. Mullis,Chemistry,Chemistry
Kary B. Mullis,,Chemistry
Michael Smith,Chemistry,Chemistry
Michael Smith,North America,Chemistry
Nelson Mandela,Peace,Peace
Nelson Mandela,,Peace
Russell A. Hulse,Physics,Physics
Russell A. Hulse,North America,Physics
Bertram N. Brockhouse,Physics,Physics
Bertram N. Brockhouse,North America,Physics
Alfred G. Gilman,Medicine,Medicine
Alfred G. Gilman,North America,Medicine
John C. Harsanyi,Economic Sciences,Economic Sciences
John C. Harsanyi,North America,Economic Sciences
Shimon Peres,Peace,Peace
Shimon Peres,,Peace
Clifford G. Shull,Physics,Physics
Clifford G. Shull,North America,Physics
John F. Nash Jr.,Economic Sciences,Economic Sciences
John F. Nash Jr.,North America,Economic Sciences
George A. Olah,Chemistry,Chemistry
George A. Olah,North America,Chemistry
Reinhard Selten,Economic Sciences,Economic Sciences
Reinhard Selten,Europe,Economic Sciences
Kenzaburo Oe,Literature,Literature
Kenzaburo Oe,,Literature
Yasser Arafat,Peace,Peace
Yasser Arafat,,Peace
Martin Rodbell,Medicine,Medicine
Martin Rodbell,North America,Medicine
Yitzhak Rabin,Peace,Peace
Yitzhak Rabin,,Peace
Eric F. Wieschaus,Medicine,Medicine
Eric F. Wieschaus,North America,Medicine
Martin L. Perl,Physics,Physics
Martin L. Perl,North America,Physics
Edward B. Lewis,Medicine,Medicine
Edward B. Lewis,North America,Medicine
Frederick Reines,Physics,Physics
Frederick Reines,North America,Physics
Mario J. Molina,Chemistry,Chemistry
Mario J. Molina,North America,Chemistry
Robert E. Lucas Jr.,Economic Sciences,Economic Sciences
Robert E. Lucas Jr.,North America,Economic Sciences
Joseph Rotblat,Peace,Peace
Joseph Rotblat,,Peace
Seamus Heaney,Literature,Literature
Seamus Heaney,,Literature
Paul J. Crutzen,Chemistry,Chemistry
Paul J. Crutzen,Europe,Chemistry
Christiane Nüsslein-Volhard,Medicine,Medicine
Christiane Nüsslein-Volhard,Europe,Medicine
F. Sherwood Rowland,Chemistry,Chemistry
F. Sherwood Rowland,North America,Chemistry
Robert F. Curl Jr.,Chemistry,Chemistry
Robert F. Curl Jr.,North America,Chemistry
Wislawa Szymborska,Literature,Literature
Wislawa Szymborska,,Literature
James A. Mirrlees,Economic Sciences,Economic Sciences
James A. Mirrlees,Europe,Economic Sciences
Rolf M. Zinkernagel,Medicine,Medicine
Rolf M. Zinkernagel,Europe,Medicine
David M. Lee,Physics,Physics
David M. Lee,North America,Physics
Sir Harold Kroto,Chemistry,Chemistry
Sir Harold Kroto,Europe,Chemistry
Robert C. Richardson,Physics,Physics
Robert C. Richardson,North America,Physics
Peter C. Doherty,Medicine,Medicine
Peter C. Doherty,North America,Medicine
José Ramos-Horta,Peace,Peace
José Ramos-Horta,,Peace
Douglas D. Osheroff,Physics,Physics
Douglas D. Osheroff,North America,Physics
Carlos Filipe Ximenes Belo,Peace,Peace
Carlos Filipe Ximenes Belo,,Peace
William Vickrey,Economic Sciences,Economic Sciences
William Vickrey,North America,Economic Sciences
Richard E. Smalley,Chemistry,Chemistry
Richard E. Smalley,North America,Chemistry
Jody Williams,Peace,Peace
Jody Williams,,Peace
Claude Cohen-Tannoudji,Physics,Physics
Claude Cohen-Tannoudji,Europe,Physics
William D. Phillips,Physics,Physics
William D. Phillips,North America,Physics
Jens C. Skou,Chemistry,Chemistry
Jens C. Skou,Europe,Chemistry
Robert C. Merton,Economic Sciences,Economic Sciences
Robert C. Merton,North America,Economic Sciences
Paul D. Boyer,Chemistry,Chemistry
Paul D. Boyer,North America,Chemistry
Dario Fo,Literature,Literature
Dario Fo,,Literature
John E. Walker,Chemistry,Chemistry
John E. Walker,Europe,Chemistry
Steven Chu,Physics,Physics
Steven Chu,North America,Physics
Stanley B. Prusiner,Medicine,Medicine
Stanley B. Prusiner,North America,Medicine
Myron Scholes,Economic Sciences,Economic Sciences
Myron Scholes,North America,Economic Sciences
José Saramago,Literature,Literature
José Saramago,,Literature
Amartya Sen,Economic Sciences,Economic Sciences
Amartya Sen,Europe,Economic Sciences
Ferid Murad,Medicine,Medicine
Ferid Murad,North America,Medicine
John Hume,Peace,Peace
John Hume,,Peace
John Pople,Chemistry,Chemistry
John Pople,North America,Chemistry
Robert B. Laughlin,Physics,Physics
Robert B. Laughlin,North America,Physics
Walter Kohn,Chemistry,Chemistry
Walter Kohn,North America,Chemistry
David Trimble,Peace,Peace
David Trimble,,Peace
Louis J. Ignarro,Medicine,Medicine
Louis J. Ignarro,North America,Medicine
Horst L. Störmer,Physics,Physics
Horst L. Störmer,North America,Physics
Robert F. Furchgott,Medicine,Medicine
Robert F. Furchgott,North America,Medicine
Daniel C. Tsui,Physics,Physics
Daniel C. Tsui,North America,Physics
Günter Grass,Literature,Literature
Günter Grass,,Literature
Günter Blobel,Medicine,Medicine
Günter Blobel,North America,Medicine
Gerardus 't Hooft,Physics,Physics
Gerardus 't Hooft,Europe,Physics
Ahmed Zewail,Chemistry,Chemistry
Ahmed Zewail,North America,Chemistry
Martinus J.G. Veltman,Physics,Physics
Martinus J.G. Veltman,,Physics
Robert Mundell,Economic Sciences,Economic Sciences
Robert Mundell,North America,Economic Sciences
Paul Greengard,Medicine,Medicine
Paul Greengard,North America,Medicine
Zhores Alferov,Physics,Physics
Zhores Alferov,Russia,Physics
Jack Kilby,Physics,Physics
Jack Kilby,North America,Physics
Eric Kandel,Medicine,Medicine
Eric Kandel,North America,Medicine
James J. Heckman,Economic Sciences,Economic Sciences
James J. Heckman,North America,Economic Sciences
Herbert Kroemer,Physics,Physics
Herbert Kroemer,North America,Physics
Gao Xingjian,Literature,Literature
Gao Xingjian,,Literature
Daniel L. McFadden,Economic Sciences,Economic Sciences
Daniel L. McFadden,North America,Economic Sciences
Alan Heeger,Chemistry,Chemistry
Alan Heeger,North America,Chemistry
Kim Dae-jung,Peace,Peace
Kim Dae-jung,,Peace
Arvid Carlsson,Medicine,Medicine
Arvid Carlsson,Europe,Medicine
Hideki Shirakawa,Chemistry,Chemistry
Hideki Shirakawa,Japan,Chemistry
Alan MacDiarmid,Chemistry,Chemistry
Alan MacDiarmid,North America,Chemistry
William Knowles,Chemistry,Chemistry
William Knowles,,Chemistry
V. S. Naipaul,Literature,Literature
V. S. Naipaul,,Literature
Sir Paul Nurse,Medicine,Medicine
Sir Paul Nurse,Europe,Medicine
Tim Hunt,Medicine,Medicine
Tim Hunt,Europe,Medicine
Wolfgang Ketterle,Physics,Physics
Wolfgang Ketterle,North America,Physics
Ryoji Noyori,Chemistry,Chemistry
Ryoji Noyori,Japan,Chemistry
A. Michael Spence,Economic Sciences,Economic Sciences
A. Michael Spence,North America,Economic Sciences
Kofi Annan,Peace,Peace
Kofi Annan,,Peace
Barry Sharpless,Chemistry,Chemistry
Barry Sharpless,North America,Chemistry
Joseph E. Stiglitz,Economic Sciences,Economic Sciences
Joseph E. Stiglitz,North America,Economic Sciences
Leland Hartwell,Medicine,Medicine
Leland Hartwell,North America,Medicine
Carl Wieman,Physics,Physics
Carl Wieman,North America,Physics
George A. Akerlof,Economic Sciences,Economic Sciences
George A. Akerlof,North America,Economic Sciences
Eric Cornell,Physics,Physics
Eric Cornell,North America,Physics
Sydney Brenner,Medicine,Medicine
Sydney Brenner,North America,Medicine
Daniel Kahneman,Economic Sciences,Economic Sciences
Daniel Kahneman,North America,Economic Sciences
Jimmy Carter,Peace,Peace
Jimmy Carter,,Peace
John B. Fenn,Chemistry,Chemistry
John B. Fenn,North America,Chemistry
John E. Sulston,Medicine,Medicine
John E. Sulston,Europe,Medicine
Vernon L. Smith,Economic Sciences,Economic Sciences
Vernon L. Smith,North America,Economic Sciences
Koichi Tanaka,Chemistry,Chemistry
Koichi Tanaka,Japan,Chemistry
Kurt Wüthrich,Chemistry,Chemistry
Kurt Wüthrich,Europe,Chemistry
H. Robert Horvitz,Medicine,Medicine
H. Robert Horvitz,North America,Medicine
Masatoshi Koshiba,Physics,Physics
Masatoshi Koshiba,Japan,Physics
Imre Kertész,Literature,Literature
Imre Kertész,,Literature
Raymond Davis Jr.,Physics,Physics
Raymond Davis Jr.,North America,Physics
Riccardo Giacconi,Physics,Physics
Riccardo Giacconi,North America,Physics
Anthony J. Leggett,Physics,Physics
Anthony J. Leggett,North America,Physics
Sir Peter Mansfield,Medicine,Medicine
Sir Peter Mansfield,Europe,Medicine
Robert F. Engle III,Economic Sciences,Economic Sciences
Robert F. Engle III,North America,Economic Sciences
Shirin Ebadi,Peace,Peace
Shirin Ebadi,,Peace
Roderick MacKinnon,Chemistry,Chemistry
Roderick MacKinnon,North America,Chemistry
J. M. Coetzee,Literature,Literature
J. M. Coetzee,,Literature
Clive W.J. Granger,Economic Sciences,Economic Sciences
Clive W.J. Granger,North America,Economic Sciences
Paul C. Lauterbur,Medicine,Medicine
Paul C. Lauterbur,North America,Medicine
Peter Agre,Chemistry,Chemistry
Peter Agre,North America,Chemistry
Vitaly L. Ginzburg,Physics,Physics
Vitaly L. Ginzburg,Russia,Physics
Alexei Abrikosov,Physics,Physics
Alexei Abrikosov,North America,Physics
Frank Wilczek,Physics,Physics
Frank Wilczek,North America,Physics
Edward C. Prescott,Economic Sciences,Economic Sciences
Edward C. Prescott,North America,Economic Sciences
Richard Axel,Medicine,Medicine
Richard Axel,North America,Medicine
Elfriede Jelinek,Literature,Literature
Elfriede Jelinek,,Literature
Linda B. Buck,Medicine,Medicine
Linda B. Buck,North America,Medicine
Wangari Maathai,Peace,Peace
Wangari Maathai,,Peace
David J. Gross,Physics,Physics
David J. Gross,North America,Physics
Irwin Rose,Chemistry,Chemistry
Irwin Rose,North America,Chemistry
Avram Hershko,Chemistry,Chemistry
Avram Hershko,Israel,Chemistry
Aaron Ciechanover,Chemistry,Chemistry
Aaron Ciechanover,Israel,Chemistry
Finn E. Kydland,Economic Sciences,Economic Sciences
Finn E. Kydland,North America,Economic Sciences
H. David Politzer,Physics,Physics
H. David Politzer,North America,Physics
Robert H. Grubbs,Chemistry,Chemistry
Robert H. Grubbs,North America,Chemistry
Barry J. Marshall,Medicine,Medicine
Barry J. Marshall,Australia,Medicine
Theodor W. Hänsch,Physics,Physics
Theodor W. Hänsch,Europe,Physics
Thomas C. Schelling,Economic Sciences,Economic Sciences
Thomas C. Schelling,North America,Economic Sciences
Roy J. Glauber,Physics,Physics
Roy J. Glauber,North America,Physics
Robert J. Aumann,Economic Sciences,Economic Sciences
Robert J. Aumann,Israel,Economic Sciences
Yves Chauvin,Chemistry,Chemistry
Yves Chauvin,Europe,Chemistry
J. Robin Warren,Medicine,Medicine
J. Robin Warren,,Medicine
Richard R. Schrock,Chemistry,Chemistry
Richard R. Schrock,North America,Chemistry
Harold Pinter,Literature,Literature
Harold Pinter,,Literature
John L. Hall,Physics,Physics
John L. Hall,North America,Physics
Mohamed ElBaradei,Peace,Peace
Mohamed ElBaradei,,Peace
George F. Smoot,Physics,Physics
George F. Smoot,North America,Physics
Edmund S. Phelps,Economic Sciences,Economic Sciences
Edmund S. Phelps,North America,Economic Sciences
Craig C. Mello,Medicine,Medicine
Craig C. Mello,North America,Medicine
John C. Mather,Physics,Physics
John C. Mather,North America,Physics
Muhammad Yunus,Peace,Peace
Muhammad Yunus,,Peace
Roger D. Kornberg,Chemistry,Chemistry
Roger D. Kornberg,North America,Chemistry
Andrew Z. Fire,Medicine,Medicine
Andrew Z. Fire,North America,Medicine
Orhan Pamuk,Literature,Literature
Orhan Pamuk,,Literature
Doris Lessing,Literature,Literature
Doris Lessing,,Literature
Gerhard Ertl,Chemistry,Chemistry
Gerhard Ertl,Europe,Chemistry
Sir Martin J. Evans,Medicine,Medicine
Sir Martin J. Evans,Europe,Medicine
Albert Fert,Physics,Physics
Albert Fert,Europe,Physics
Roger B. Myerson,Economic Sciences,Economic Sciences
Roger B. Myerson,North America,Economic Sciences
Al Gore,Peace,Peace
Al Gore,,Peace
Eric S. Maskin,Economic Sciences,Economic Sciences
Eric S. Maskin,North America,Economic Sciences
Oliver Smithies,Medicine,Medicine
Oliver Smithies,North America,Medicine
Peter Grünberg,Physics,Physics
Peter Grünberg,Europe,Physics
Mario R. Capecchi,Medicine,Medicine
Mario R. Capecchi,North America,Medicine
Leonid Hurwicz,Economic Sciences,Economic Sciences
Leonid Hurwicz,North America,Economic Sciences
Paul Krugman,Economic Sciences,Economic Sciences
Paul Krugman,North America,Economic Sciences
Yoichiro Nambu,Physics,Physics
Yoichiro Nambu,North America,Physics
Françoise Barré-Sinoussi,Medicine,Medicine
Françoise Barré-Sinoussi,Europe,Medicine
Luc Montagnier,Medicine,Medicine
Luc Montagnier,Europe,Medicine
Roger Y. Tsien,Chemistry,Chemistry
Roger Y. Tsien,North America,Chemistry
Osamu Shimomura,Chemistry,Chemistry
Osamu Shimomura,North America,Chemistry
Jean-Marie Gustave Le Clézio,Literature,Literature
Jean-Marie Gustave Le Clézio,,Literature
Harald zur Hausen,Medicine,Medicine
Harald zur Hausen,Europe,Medicine
Toshihide Maskawa,Physics,Physics
Toshihide Maskawa,Japan,Physics
Martti Ahtisaari,Peace,Peace
Martti Ahtisaari,,Peace
Makoto Kobayashi,Physics,Physics
Makoto Kobayashi,Japan,Physics
Martin Chalfie,Chemistry,Chemistry
Martin Chalfie,North America,Chemistry
Oliver E. Williamson,Economic Sciences,Economic Sciences
Oliver E. Williamson,North America,Economic Sciences
Jack W. Szostak,Medicine,Medicine
Jack W. Szostak,North America,Medicine
Herta Müller,Literature,Literature
Herta Müller,,Literature
Willard S. Boyle,Physics,Physics
Willard S. Boyle,North America,Physics
Charles K. Kao,Physics,Physics
Charles K. Kao,Europe,Physics
Carol W. Greider,Medicine,Medicine
Carol W. Greider,North America,Medicine
Barack H. Obama,Peace,Peace
Barack H. Obama,,Peace
Elinor Ostrom,Economic Sciences,Economic Sciences
Elinor Ostrom,North America,Economic Sciences
Thomas A. Steitz,Chemistry,Chemistry
Thomas A. Steitz,North America,Chemistry
Ada E. Yonath,Chemistry,Chemistry
Ada E. Yonath,Israel,Chemistry
Venkatraman Ramakrishnan,Chemistry,Chemistry
Venkatraman Ramakrishnan,Europe,Chemistry
George E. Smith,Physics,Physics
George E. Smith,North America,Physics
Elizabeth H. Blackburn,Medicine,Medicine
Elizabeth H. Blackburn,North America,Medicine
Richard F. Heck,Chemistry,Chemistry
Richard F. Heck,North America,Chemistry
Mario Vargas Llosa,Literature,Literature
Mario Vargas Llosa,,Literature
Akira Suzuki,Chemistry,Chemistry
Akira Suzuki,Japan,Chemistry
Konstantin Novoselov,Physics,Physics
Konstantin Novoselov,Europe,Physics
Robert G. Edwards,Medicine,Medicine
Robert G. Edwards,Europe,Medicine
Peter A. Diamond,Economic Sciences,Economic Sciences
Peter A. Diamond,North America,Economic Sciences
Andre Geim,Physics,Physics
Andre Geim,Europe,Physics
Dale T. Mortensen,Economic Sciences,Economic Sciences
Dale T. Mortensen,North America,Economic Sciences
Ei-ichi Negishi,Chemistry,Chemistry
Ei-ichi Negishi,North America,Chemistry
Christopher A. Pissarides,Economic Sciences,Economic Sciences
Christopher A. Pissarides,Europe,Economic Sciences
Liu Xiaobo,Peace,Peace
Liu Xiaobo,,Peace
Tomas Tranströmer,Literature,Literature
Tomas Tranströmer,,Literature
Thomas J. Sargent,Economic Sciences,Economic Sciences
Thomas J. Sargent,North America,Economic Sciences
Tawakkol Karman,Peace,Peace
Tawakkol Karman,,Peace
Ellen Johnson Sirleaf,Peace,Peace
Ellen Johnson Sirleaf,,Peace
Jules A. Hoffmann,Medicine,Medicine
Jules A. Hoffmann,Europe,Medicine
Dan Shechtman,Chemistry,Chemistry
Dan Shechtman,Israel,Chemistry
Christopher A. Sims,Economic Sciences,Economic Sciences
Christopher A. Sims,North America,Economic Sciences
Leymah Gbowee,Peace,Peace
Leymah Gbowee,,Peace
Adam G. Riess,Physics,Physics
Adam G. Riess,North America,Physics
Ralph M. Steinman,Medicine,Medicine
Ralph M. Steinman,North America,Medicine
Bruce A. Beutler,Medicine,Medicine
Bruce A. Beutler,North America,Medicine
Brian P. Schmidt,Physics,Physics
Brian P. Schmidt,Australia,Physics
Saul Perlmutter,Physics,Physics
Saul Perlmutter,North America,Physics
Lloyd S. Shapley,Economic Sciences,Economic Sciences
Lloyd S. Shapley,North America,Economic Sciences
Serge Haroche,Physics,Physics
Serge Haroche,Europe,Physics
David J. Wineland,Physics,Physics
David J. Wineland,North America,Physics
Alvin E. Roth,Economic Sciences,Economic Sciences
Alvin E. Roth,North America,Economic Sciences
Robert J. Lefkowitz,Chemistry,Chemistry
Robert J. Lefkowitz,,Chemistry
Brian Kobilka,Chemistry,Chemistry
Brian Kobilka,North America,Chemistry
Mo Yan,Literature,Literature
Mo Yan,,Literature
Sir John B. Gurdon,Medicine,Medicine
Sir John B. Gurdon,Europe,Medicine
Shinya Yamanaka,Medicine,Medicine
Shinya Yamanaka,Japan,Medicine
Alice Munro,Literature,Literature
Alice Munro,,Literature
Robert J. Shiller,Economic Sciences,Economic Sciences
Robert J. Shiller,North America,Economic Sciences
Michael Levitt,Chemistry,Chemistry
Michael Levitt,North America,Chemistry
Eugene F. Fama,Economic Sciences,Economic Sciences
Eugene F. Fama,North America,Economic Sciences
Randy W. Schekman,Medicine,Medicine
Randy W. Schekman,North America,Medicine
Arieh Warshel,Chemistry,Chemistry
Arieh Warshel,North America,Chemistry
François Englert,Physics,Physics
François Englert,Europe,Physics
Lars Peter Hansen,Economic Sciences,Economic Sciences
Lars Peter Hansen,North America,Economic Sciences
Peter Higgs,Physics,Physics
Peter Higgs,Europe,Physics
James E. Rothman,Medicine,Medicine
James E. Rothman,North America,Medicine
Martin Karplus,Chemistry,Chemistry
Martin Karplus,Europe,Chemistry
Thomas C. Südhof,Medicine,Medicine
Thomas C. Südhof,North America,Medicine
William E. Moerner,Chemistry,Chemistry
William E. Moerner,North America,Chemistry
Edvard I. Moser,Medicine,Medicine
Edvard I. Moser,Europe,Medicine
John O'Keefe,Medicine,Medicine
John O'Keefe,Europe,Medicine
Eric Betzig,Chemistry,Chemistry
Eric Betzig,North America,Chemistry
Malala Yousafzai,Peace,Peace
Malala Yousafzai,,Peace
May-Britt Moser,Medicine,Medicine
May-Britt Moser,Europe,Medicine
Stefan W. Hell,Chemistry,Chemistry
Stefan W. Hell,Europe,Chemistry
Isamu Akasaki,Physics,Physics
Isamu Akasaki,Japan,Physics
Hiroshi Amano,Physics,Physics
Hiroshi Amano,Japan,Physics
Patrick Modiano,Literature,Literature
Patrick Modiano,,Literature
Shuji Nakamura,Physics,Physics
Shuji Nakamura,North America,Physics
Kailash Satyarthi,Peace,Peace
Kailash Satyarthi,,Peace
Jean Tirole,Economic Sciences,Economic Sciences
Jean Tirole,Europe,Economic Sciences
Takaaki Kajita,Physics,Physics
Takaaki Kajita,Japan,Physics
Svetlana Alexievich,Literature,Literature
Svetlana Alexievich,,Literature
Aziz Sancar,Chemistry,Chemistry
Aziz Sancar,North America,Chemistry
Satoshi &#332;mura,Medicine,Medicine
Satoshi &#332;mura,Japan,Medicine
Angus Deaton,Economic Sciences,Economic Sciences
Angus Deaton,North America,Economic Sciences
William C. Campbell,Medicine,Medicine
William C. Campbell,North America,Medicine
Tomas Lindahl,Chemistry,Chemistry
Tomas Lindahl,Europe,Chemistry
Tu Youyou,Medicine,Medicine
Tu Youyou,China,Medicine
Arthur B. McDonald,Physics,Physics
Arthur B. McDonald,North America,Physics
Paul Modrich,Chemistry,Chemistry
Paul Modrich,North America,Chemistry
Juan Manuel Santos,Peace,Peace
Juan Manuel Santos,,Peace
Jean-Pierre Sauvage,Chemistry,Chemistry
Jean-Pierre Sauvage,Europe,Chemistry
Bob Dylan,Literature,Literature
Bob Dylan,,Literature
Sir J. Fraser Stoddart,Chemistry,Chemistry
Sir J. Fraser Stoddart,North America,Chemistry
J. Michael Kosterlitz,Physics,Physics
J. Michael Kosterlitz,North America,Physics
David J. Thouless,Physics,Physics
David J. Thouless,North America,Physics
Oliver Hart,Economic Sciences,Economic Sciences
Oliver Hart,North America,Economic Sciences
Yoshinori Ohsumi,Medicine,Medicine
Yoshinori Ohsumi,Japan,Medicine
F. Duncan M. Haldane,Physics,Physics
F. Duncan M. Haldane,North America,Physics
Bernard L. Feringa,Chemistry,Chemistry
Bernard L. Feringa,Europe,Chemistry
Bengt Holmström,Economic Sciences,Economic Sciences
Bengt Holmström,North America,Economic Sciences
Michael Rosbash,Medicine,Medicine
Michael Rosbash,North America,Medicine
Barry C. Barish,Physics,Physics
Barry C. Barish,,Physics
Michael W. Young,Medicine,Medicine
Michael W. Young,North America,Medicine
Kip S. Thorne,Physics,Physics
Kip S. Thorne,,Physics
Rainer Weiss,Physics,Physics
Rainer Weiss,,Physics
Richard H. Thaler,Economic Sciences,Economic Sciences
Richard H. Thaler,North America,Economic Sciences
Richard Henderson,Chemistry,Chemistry
Richard Henderson,Europe,Chemistry
Jacques Dubochet,Chemistry,Chemistry
Jacques Dubochet,Europe,Chemistry
Joachim Frank,Chemistry,Chemistry
Joachim Frank,North America,Chemistry
Jeffrey C. Hall,Medicine,Medicine
Jeffrey C. Hall,North America,Medicine
Kazuo Ishiguro,Literature,Literature
Kazuo Ishiguro,,Literature
Tasuku Honjo,Medicine,Medicine
Tasuku Honjo,Japan,Medicine
Olga Tokarczuk,Literature,Literature
Olga Tokarczuk,,Literature
Nadia Murad,Peace,Peace
Nadia Murad,,Peace
Donna Strickland,Physics,Physics
Donna Strickland,North America,Physics
George P. Smith,Chemistry,Chemistry
George P. Smith,North America,Chemistry
Denis Mukwege,Peace,Peace
Denis Mukwege,,Peace
William D. Nordhaus,Economic Sciences,Economic Sciences
William D. Nordhaus,North America,Economic Sciences
Frances H. Arnold,Chemistry,Chemistry
Frances H. Arnold,North America,Chemistry
Arthur Ashkin,Physics,Physics
Arthur Ashkin,North America,Physics
James P. Allison,Medicine,Medicine
James P. Allison,North America,Medicine
Sir Gregory P. Winter,Chemistry,Chemistry
Sir Gregory P. Winter,Europe,Chemistry
Gérard Mourou,Physics,Physics
Gérard Mourou,Europe,Physics
Paul M. Romer,Economic Sciences,Economic Sciences
Paul M. Romer,North America,Economic Sciences
Peter Handke,Literature,Literature
Peter Handke,,Literature
Abiy Ahmed Ali,Peace,Peace
Abiy Ahmed Ali,,Peace
Abhijit Banerjee,Economic Sciences,Economic Sciences
Abhijit Banerjee,North America,Economic Sciences
Esther Duflo,Economic Sciences,Economic Sciences
Esther Duflo,North America,Economic Sciences
John B. Goodenough,Chemistry,Chemistry
John B. Goodenough,North America,Chemistry
Akira Yoshino,Chemistry,Chemistry
Akira Yoshino,Japan,Chemistry
Didier Queloz,Physics,Physics
Didier Queloz,Europe,Physics
Michael Kremer,Economic Sciences,Economic Sciences
Michael Kremer,North America,Economic Sciences
Sir Peter J. Ratcliffe,Medicine,Medicine
Sir Peter J. Ratcliffe,Europe,Medicine
M. Stanley Whittingham,Chemistry,Chemistry
M. Stanley Whittingham,North America,Chemistry
James Peebles,Physics,Physics
James Peebles,North America,Physics
William G. Kaelin Jr,Medicine,Medicine
William G. Kaelin Jr,North America,Medicine
Gregg L. Semenza,Medicine,Medicine
Gregg L. Semenza,North America,Medicine
Michel Mayor,Physics,Physics
Michel Mayor,Europe,Physics
